normalization_type,group_key,kpi,mean,std
eu_long,all_years,gdp_growth,2.5765432098765433,3.6307261716812027
eu_long,all_years,inflation,2.702469135802469,3.4524716433246576
eu_long,all_years,unemployment,7.2966049382716065,3.8837624449613224
eu_long,all_years,gini,29.63765432098765,3.9193102228798025
eu_long,all_years,education,77.07808641975309,9.119515089082356
eu_long,all_years,rnd,1.6791975308641973,0.8921185543638941
eu_long,all_years,ict_specialists,4.41358024691358,1.4642914229242328
eu_long,all_years,renewables,23.634512345679013,12.336367283575221
eu_long,all_years,emissions,8.1,2.6967702274095813
eu_long,all_years,debt,68.50956790123458,37.994367365643804
eu_long,all_years,total_gov_expenditure,45.288271604938274,7.259902052256305
eu_long,all_years,defense_spending,1.2885802469135803,0.6026971034392454
eu_long,all_years,economic_affairs_spending,5.584567901234569,1.7002484243055414
eu_long,all_years,fuel_energy_spending,0.6141975308641975,0.5828686700770183
eu_long,all_years,communication_spending,0.03641975308641975,0.0536658308821657
eu_long,all_years,environment_spending,0.7589506172839505,0.3083163266940616
eu_long,all_years,health_spending,6.486728395061728,1.4838792479837424
eu_long,all_years,education_spending,4.941358024691358,0.9823926728561929
eu_long,all_years,social_protection_spending,16.799074074074074,4.228976309471949
eu_year,2014.0,gdp_growth,2.2518518518518515,2.349201234195666
eu_year,2015.0,gdp_growth,3.6666666666666665,4.604846944754558
eu_year,2016.0,gdp_growth,2.6037037037037036,1.2876578264673726
eu_year,2017.0,gdp_growth,4.062962962962963,2.7197494437975416
eu_year,2018.0,gdp_growth,3.403703703703704,1.9598825477919846
eu_year,2019.0,gdp_growth,2.937037037037037,1.4191406251531644
eu_year,2020.0,gdp_growth,-4.059259259259259,3.554332054447974
eu_year,2021.0,gdp_growth,7.4222222222222225,3.0144948975208914
eu_year,2022.0,gdp_growth,3.5925925925925926,2.6087022895163092
eu_year,2023.0,gdp_growth,1.0740740740740742,2.5719780763200966
eu_year,2024.0,gdp_growth,1.8,1.616977236888443
eu_year,2025.0,gdp_growth,2.162962962962963,2.3576631435757522
eu_year,2014.0,inflation,0.2777777777777778,0.6835052941854124
eu_year,2015.0,inflation,-0.06296296296296297,0.6469741096639793
eu_year,2016.0,inflation,0.13333333333333333,0.7211102550927978
eu_year,2017.0,inflation,1.7111111111111112,0.8196309363334646
eu_year,2018.0,inflation,1.8962962962962964,0.8220431775490785
eu_year,2019.0,inflation,1.6925925925925926,0.9445902351023496
eu_year,2020.0,inflation,0.688888888888889,1.292086366883878
eu_year,2021.0,inflation,2.837037037037037,1.1916853444235858
eu_year,2022.0,inflation,10.733333333333334,3.6978164034800525
eu_year,2023.0,inflation,6.940740740740741,3.3429902849969584
eu_year,2024.0,inflation,2.6333333333333333,1.1364587372793002
eu_year,2025.0,inflation,2.9481481481481477,1.2726019289297301
eu_year,2014.0,unemployment,10.84074074074074,5.3260794687201685
eu_year,2015.0,unemployment,9.988888888888889,4.857296916324277
eu_year,2016.0,unemployment,8.985185185185186,4.458932582141131
eu_year,2017.0,unemployment,7.874074074074074,4.0759701622476046
eu_year,2018.0,unemployment,6.818518518518518,3.6400588580445365
eu_year,2019.0,unemployment,6.207407407407407,3.3269211830767134
eu_year,2020.0,unemployment,7.018518518518518,3.231936432761806
eu_year,2021.0,unemployment,6.637037037037037,2.897498675668132
eu_year,2022.0,unemployment,5.766666666666667,2.5321015898929615
eu_year,2023.0,unemployment,5.766666666666667,2.2618916521694503
eu_year,2024.0,unemployment,5.811111111111111,2.168716978615083
eu_year,2025.0,unemployment,5.844444444444445,2.0774120981743187
eu_year,2014.0,gini,30.385185185185183,3.7997675742384054
eu_year,2015.0,gini,30.322222222222223,4.2437586146583754
eu_year,2016.0,gini,30.140740740740743,3.8375933222688556
eu_year,2017.0,gini,29.925925925925927,4.064063199140694
eu_year,2018.0,gini,29.685185185185187,4.253116839331228
eu_year,2019.0,gini,29.62962962962963,4.091625106408945
eu_year,2020.0,gini,29.359259259259257,3.964967674643598
eu_year,2021.0,gini,29.4037037037037,4.251920966908006
eu_year,2022.0,gini,29.159259259259258,3.891831609455023
eu_year,2023.0,gini,29.462962962962962,3.6961672610492657
eu_year,2024.0,gini,29.08888888888889,3.74723829930722
eu_year,2025.0,gini,29.08888888888889,3.6343799950910403
eu_year,2014.0,education,73.92592592592592,11.109268223237764
eu_year,2015.0,education,74.38148148148149,10.729758655147876
eu_year,2016.0,education,75.10740740740741,10.384082712939733
eu_year,2017.0,education,75.5925925925926,10.064940136087245
eu_year,2018.0,education,76.30740740740741,9.567369461067049
eu_year,2019.0,education,77.02592592592592,9.091314223036969
eu_year,2020.0,education,77.73333333333333,8.775446515047628
eu_year,2021.0,education,78.39629629629628,8.309192383299237
eu_year,2022.0,education,78.7925925925926,7.992877883847399
eu_year,2023.0,education,78.81851851851852,7.559611153870336
eu_year,2024.0,education,79.21111111111111,7.163010397082914
eu_year,2025.0,education,79.64444444444445,6.934658403950927
eu_year,2014.0,rnd,1.5937037037037038,0.8842473903232324
eu_year,2015.0,rnd,1.6014814814814815,0.8639253159659993
eu_year,2016.0,rnd,1.5381481481481483,0.8980150634210174
eu_year,2017.0,rnd,1.5681481481481483,0.889714893992785
eu_year,2018.0,rnd,1.614814814814815,0.8898676235622842
eu_year,2019.0,rnd,1.6677777777777778,0.9019224481983484
eu_year,2020.0,rnd,1.7555555555555555,0.9098788310426213
eu_year,2021.0,rnd,1.7374074074074073,0.9104884259501457
eu_year,2022.0,rnd,1.7433333333333334,0.8877023063028419
eu_year,2023.0,rnd,1.7796296296296295,0.9197929594854967
eu_year,2024.0,rnd,1.7751851851851852,0.9406068841664462
eu_year,2025.0,rnd,1.7751851851851852,0.9406068841664462
eu_year,2014.0,ict_specialists,3.511111111111111,1.1725492718311645
eu_year,2015.0,ict_specialists,3.596296296296296,1.1613922286772496
eu_year,2016.0,ict_specialists,3.774074074074074,1.1963381926633752
eu_year,2017.0,ict_specialists,3.9,1.2372425917212966
eu_year,2018.0,ict_specialists,4.07037037037037,1.2560055165284334
eu_year,2019.0,ict_specialists,4.144444444444444,1.2902991106219497
eu_year,2020.0,ict_specialists,4.466666666666667,1.3719721907923978
eu_year,2021.0,ict_specialists,4.766666666666667,1.3870278129317213
eu_year,2022.0,ict_specialists,4.985185185185185,1.4904061665568016
eu_year,2023.0,ict_specialists,5.0888888888888895,1.489536152202406
eu_year,2024.0,ict_specialists,5.307407407407408,1.427996424776263
eu_year,2025.0,ict_specialists,5.351851851851852,1.5161617455754641
eu_year,2014.0,renewables,19.792555555555555,11.682264415420278
eu_year,2015.0,renewables,20.3492962962963,11.800884138372574
eu_year,2016.0,renewables,20.428592592592594,11.751152288046738
eu_year,2017.0,renewables,20.88848148148148,11.927744781263202
eu_year,2018.0,renewables,21.54562962962963,11.656656712098185
eu_year,2019.0,renewables,22.42551851851852,11.917690823601339
eu_year,2020.0,renewables,24.35714814814815,11.484158579752386
eu_year,2021.0,renewables,24.816037037037038,12.312048525050205
eu_year,2022.0,renewables,25.71162962962963,12.780175246024147
eu_year,2023.0,renewables,27.260444444444445,13.000142757598807
eu_year,2024.0,renewables,28.019407407407407,12.838512273801758
eu_year,2025.0,renewables,28.019407407407407,12.838512273801758
eu_year,2014.0,emissions,8.97037037037037,3.343629397803762
eu_year,2015.0,emissions,8.848148148148148,3.0426924274361364
eu_year,2016.0,emissions,8.88888888888889,3.126848171430696
eu_year,2017.0,emissions,8.977777777777778,3.1048762310688667
eu_year,2018.0,emissions,8.833333333333334,3.056896364716244
eu_year,2019.0,emissions,8.407407407407407,2.7644621017931708
eu_year,2020.0,emissions,7.677777777777778,2.3163853361738043
eu_year,2021.0,emissions,8.0,2.4164500344991136
eu_year,2022.0,emissions,7.703703703703703,2.180769356386637
eu_year,2023.0,emissions,7.0851851851851855,1.8647960712808216
eu_year,2024.0,emissions,6.903703703703704,1.7601314377235238
eu_year,2025.0,emissions,6.903703703703704,1.7601314377235238
eu_year,2014.0,debt,73.68518518518519,39.13479372338737
eu_year,2015.0,debt,71.49259259259259,38.78973819418983
eu_year,2016.0,debt,70.63333333333333,39.04357526188872
eu_year,2017.0,debt,67.74814814814815,38.71647801021769
eu_year,2018.0,debt,65.8111111111111,40.03753367234429
eu_year,2019.0,debt,63.55185185185186,38.91336897391801
eu_year,2020.0,debt,75.2074074074074,44.27425824358826
eu_year,2021.0,debt,71.88148148148149,41.216716521306275
eu_year,2022.0,debt,67.38148148148149,37.71559600929279
eu_year,2023.0,debt,64.77037037037037,35.14104344598968
eu_year,2024.0,debt,64.74814814814815,33.848967378527114
eu_year,2025.0,debt,65.20370370370371,33.45091100842318
eu_year,2014.0,total_gov_expenditure,46.58148148148148,6.889179756748821
eu_year,2015.0,total_gov_expenditure,45.44074074074074,7.294057605563338
eu_year,2016.0,total_gov_expenditure,43.68888888888888,7.246820699893867
eu_year,2017.0,total_gov_expenditure,42.87777777777778,7.345869238680668
eu_year,2018.0,total_gov_expenditure,43.25925925925926,6.932379947600373
eu_year,2019.0,total_gov_expenditure,43.088888888888896,6.69835417979288
eu_year,2020.0,total_gov_expenditure,49.15185185185185,7.361666323199597
eu_year,2021.0,total_gov_expenditure,46.91851851851852,7.487119043193555
eu_year,2022.0,total_gov_expenditure,45.03703703703704,7.3666686003787545
eu_year,2023.0,total_gov_expenditure,45.470370370370375,7.064908666991702
eu_year,2024.0,total_gov_expenditure,45.92962962962962,7.100585827121527
eu_year,2025.0,total_gov_expenditure,46.01481481481482,7.125183058577066
eu_year,2014.0,defense_spending,1.1185185185185185,0.5069039030739129
eu_year,2015.0,defense_spending,1.1111111111111112,0.4593752725448345
eu_year,2016.0,defense_spending,1.151851851851852,0.49874486337849994
eu_year,2017.0,defense_spending,1.2037037037037037,0.5302259906300343
eu_year,2018.0,defense_spending,1.1962962962962962,0.5236568764148182
eu_year,2019.0,defense_spending,1.1666666666666667,0.4779765040894149
eu_year,2020.0,defense_spending,1.3444444444444443,0.6128956074577674
eu_year,2021.0,defense_spending,1.2592592592592593,0.5692500189245356
eu_year,2022.0,defense_spending,1.2888888888888888,0.5597618541248889
eu_year,2023.0,defense_spending,1.4259259259259258,0.6858978352902424
eu_year,2024.0,defense_spending,1.5925925925925926,0.7775335391855485
eu_year,2025.0,defense_spending,1.6037037037037036,0.7663507338637103
eu_year,2014.0,economic_affairs_spending,5.814814814814815,1.7898654233260765
eu_year,2015.0,economic_affairs_spending,5.477777777777778,1.4183775491013924
eu_year,2016.0,economic_affairs_spending,4.685185185185185,1.1983012667630484
eu_year,2017.0,economic_affairs_spending,4.718518518518518,1.2187752481130822
eu_year,2018.0,economic_affairs_spending,5.125925925925926,1.5599784497013938
eu_year,2019.0,economic_affairs_spending,4.9222222222222225,1.3039388061778088
eu_year,2020.0,economic_affairs_spending,7.1037037037037045,1.7992480227287866
eu_year,2021.0,economic_affairs_spending,6.537037037037037,1.7471180991626334
eu_year,2022.0,economic_affairs_spending,6.177777777777777,2.0616150004926745
eu_year,2023.0,economic_affairs_spending,5.792592592592593,1.6813286700898478
eu_year,2024.0,economic_affairs_spending,5.32962962962963,1.4198631610163692
eu_year,2025.0,economic_affairs_spending,5.32962962962963,1.4198631610163692
eu_year,2014.0,fuel_energy_spending,0.4740740740740741,0.34927682716478914
eu_year,2015.0,fuel_energy_spending,0.46296296296296297,0.32480544253225735
eu_year,2016.0,fuel_energy_spending,0.45185185185185184,0.3080588984273704
eu_year,2017.0,fuel_energy_spending,0.4703703703703703,0.3123297256904272
eu_year,2018.0,fuel_energy_spending,0.4518518518518519,0.36728774128778774
eu_year,2019.0,fuel_energy_spending,0.4740740740740741,0.37064662062255116
eu_year,2020.0,fuel_energy_spending,0.5481481481481482,0.38567659865026654
eu_year,2021.0,fuel_energy_spending,0.5185185185185185,0.4788102539203387
eu_year,2022.0,fuel_energy_spending,1.2962962962962963,1.1866181686046602
eu_year,2023.0,fuel_energy_spending,0.9777777777777777,0.7292426700316375
eu_year,2024.0,fuel_energy_spending,0.6259259259259259,0.46375772238446344
eu_year,2025.0,fuel_energy_spending,0.6185185185185185,0.4690719454715769
eu_year,2014.0,communication_spending,0.03333333333333333,0.055470019622522924
eu_year,2015.0,communication_spending,0.03333333333333333,0.055470019622522924
eu_year,2016.0,communication_spending,0.022222222222222227,0.04236592728681618
eu_year,2017.0,communication_spending,0.022222222222222227,0.04236592728681617
eu_year,2018.0,communication_spending,0.02592592592592593,0.04465760847047225
eu_year,2019.0,communication_spending,0.03333333333333333,0.04803844614152614
eu_year,2020.0,communication_spending,0.04444444444444445,0.05773502691896258
eu_year,2021.0,communication_spending,0.040740740740740744,0.05007117441325405
eu_year,2022.0,communication_spending,0.05185185185185185,0.07000203497245562
eu_year,2023.0,communication_spending,0.040740740740740744,0.057239438120523824
eu_year,2024.0,communication_spending,0.04444444444444445,0.05773502691896258
eu_year,2025.0,communication_spending,0.04444444444444445,0.05773502691896258
eu_year,2014.0,environment_spending,0.8333333333333334,0.3281650616569468
eu_year,2015.0,environment_spending,0.8407407407407407,0.3618959256038412
eu_year,2016.0,environment_spending,0.7,0.3063431961806135
eu_year,2017.0,environment_spending,0.6925925925925925,0.29603264623235
eu_year,2018.0,environment_spending,0.7296296296296296,0.30485155885196474
eu_year,2019.0,environment_spending,0.7370370370370369,0.30778132615437337
eu_year,2020.0,environment_spending,0.7703703703703704,0.3123297256904272
eu_year,2021.0,environment_spending,0.7518518518518519,0.2966095210494902
eu_year,2022.0,environment_spending,0.7333333333333334,0.282842712474619
eu_year,2023.0,environment_spending,0.7666666666666666,0.2855494029733936
eu_year,2024.0,environment_spending,0.774074074074074,0.31573186359094274
eu_year,2025.0,environment_spending,0.7777777777777778,0.32025630761017426
eu_year,2014.0,health_spending,6.15925925925926,1.5719315064495212
eu_year,2015.0,health_spending,6.1,1.555882139099627
eu_year,2016.0,health_spending,6.007407407407407,1.5221255194188477
eu_year,2017.0,health_spending,5.977777777777778,1.5250052542994812
eu_year,2018.0,health_spending,6.02962962962963,1.475130975883632
eu_year,2019.0,health_spending,6.148148148148148,1.3843549929258558
eu_year,2020.0,health_spending,7.159259259259259,1.3647370158778296
eu_year,2021.0,health_spending,7.248148148148148,1.4262296638799286
eu_year,2022.0,health_spending,6.7407407407407405,1.3672710775227424
eu_year,2023.0,health_spending,6.618518518518518,1.2854322939525764
eu_year,2024.0,health_spending,6.822222222222222,1.3821202589704018
eu_year,2025.0,health_spending,6.82962962962963,1.3758395520315851
eu_year,2014.0,education_spending,5.1037037037037045,0.9982605954980978
eu_year,2015.0,education_spending,5.011111111111112,1.0419409895195724
eu_year,2016.0,education_spending,4.855555555555555,1.0470961065777373
eu_year,2017.0,education_spending,4.774074074074075,1.0596053665226184
eu_year,2018.0,education_spending,4.82962962962963,1.0413803025182178
eu_year,2019.0,education_spending,4.888888888888889,0.9834528393265674
eu_year,2020.0,education_spending,5.137037037037037,0.9841623334468245
eu_year,2021.0,education_spending,4.92962962962963,0.9566828969110743
eu_year,2022.0,education_spending,4.781481481481482,0.914430060847923
eu_year,2023.0,education_spending,4.9111111111111105,0.9748109612927062
eu_year,2024.0,education_spending,5.033333333333333,0.9470602287727412
eu_year,2025.0,education_spending,5.04074074074074,0.9475714948708294
eu_year,2014.0,social_protection_spending,17.17037037037037,4.099513556022397
eu_year,2015.0,social_protection_spending,16.833333333333332,4.252962768199636
eu_year,2016.0,social_protection_spending,16.733333333333334,4.295346318982905
eu_year,2017.0,social_protection_spending,16.377777777777776,4.259408891215318
eu_year,2018.0,social_protection_spending,16.18148148148148,4.213169557565625
eu_year,2019.0,social_protection_spending,16.196296296296296,4.1820570464307565
eu_year,2020.0,social_protection_spending,18.155555555555555,4.680428426587706
eu_year,2021.0,social_protection_spending,17.003703703703703,4.341258367861123
eu_year,2022.0,social_protection_spending,16.433333333333334,4.117785065560592
eu_year,2023.0,social_protection_spending,16.585185185185185,4.125782322430472
eu_year,2024.0,social_protection_spending,16.944444444444443,4.31351483785674
eu_year,2025.0,social_protection_spending,16.974074074074075,4.3372795969356535
country_long,AT,gdp_growth,1.1500000000000001,2.9989392063922145
country_long,BE,gdp_growth,1.625,2.529148257633567
country_long,BG,gdp_growth,2.7583333333333333,2.4937953307188527
country_long,CY,gdp_growth,4.533333333333333,4.027029885283905
country_long,CZ,gdp_growth,2.2333333333333334,2.779252133981806
country_long,DE,gdp_growth,0.9500000000000001,2.092193281528436
country_long,DK,gdp_growth,2.1083333333333334,2.025949085483072
country_long,EE,gdp_growth,1.9333333333333336,3.3578492394911827
country_long,EL,gdp_growth,1.4833333333333334,4.156448075708465
country_long,ES,gdp_growth,2.233333333333333,4.439355672603715
country_long,FI,gdp_growth,0.725,1.6798944772054745
country_long,FR,gdp_growth,1.1916666666666667,3.171595048475633
country_long,HR,gdp_growth,3.091666666666667,4.800465570855571
country_long,HU,gdp_growth,2.725,3.196055807909606
country_long,IE,gdp_growth,8.450000000000001,7.151032983232054
country_long,IT,gdp_growth,0.9916666666666667,4.010998137696658
country_long,LT,gdp_growth,3.25,1.788600265316683
country_long,LU,gdp_growth,1.8250000000000002,2.3006422028326234
country_long,LV,gdp_growth,1.95,2.6834509667420963
country_long,MT,gdp_growth,6.575,4.776671530374567
country_long,NL,gdp_growth,1.9333333333333333,2.5406990209687406
country_long,PL,gdp_growth,3.7083333333333335,2.48868652225639
country_long,PT,gdp_growth,2.066666666666667,3.6686220681323767
country_long,RO,gdp_growth,3.158333333333333,2.9650872540689965
country_long,SE,gdp_growth,1.8333333333333333,1.857825382406848
country_long,SI,gdp_growth,2.7916666666666665,2.895908817416025
country_long,SK,gdp_growth,2.2916666666666665,2.2072023976614434
country_long,AT,inflation,3.0083333333333333,2.5443192814701154
country_long,BE,inflation,2.6833333333333336,2.672021139455482
country_long,BG,inflation,2.8333333333333335,4.208505097004773
country_long,CY,inflation,1.275,2.678237208586003
country_long,CZ,inflation,3.9,4.594858787027875
country_long,DE,inflation,2.5,2.4932636515947597
country_long,DK,inflation,1.6916666666666664,2.3765744382632032
country_long,EE,inflation,4.308333333333333,5.437321923242148
country_long,EL,inflation,1.55,3.015565678879564
country_long,ES,inflation,1.95,2.4795527455938133
country_long,FI,inflation,1.7750000000000001,2.0507759063783193
country_long,FR,inflation,1.9166666666666667,1.9534739839733228
country_long,HR,inflation,2.766666666666667,3.5831254344200505
country_long,HU,inflation,4.8500000000000005,5.546251805580873
country_long,IE,inflation,1.7166666666666668,2.539088359425425
country_long,IT,inflation,1.8833333333333335,2.687625966040166
country_long,LT,inflation,3.8499999999999996,5.356134970123682
country_long,LU,inflation,2.1666666666666665,2.2341699021146875
country_long,LV,inflation,3.658333333333333,4.930693908999261
country_long,MT,inflation,2.1166666666666667,1.8383952158600092
country_long,NL,inflation,2.6666666666666665,3.1043469034516256
country_long,PL,inflation,3.6666666666666665,4.301233086058701
country_long,PT,inflation,1.925,2.4665489324892045
country_long,RO,inflation,4.141666666666667,3.9403410866050517
country_long,SE,inflation,2.466666666666667,2.2999341229037342
country_long,SI,inflation,2.275,3.022077852315282
country_long,SK,inflation,3.4250000000000003,4.076122265986721
country_long,AT,unemployment,5.625,0.5785954780956446
country_long,BE,unemployment,6.591666666666666,1.2191340692425423
country_long,BG,unemployment,6.433333333333334,2.7080128015453204
country_long,CY,unemployment,8.916666666666666,3.9431951357735118
country_long,CZ,unemployment,3.158333333333333,1.2638025833558695
country_long,DE,unemployment,3.6,0.5376717484589544
country_long,DK,unemployment,5.666666666666667,0.7164728420068227
country_long,EE,unemployment,6.366666666666667,0.929646397423463
country_long,EL,unemployment,17.483333333333334,6.075559582657738
country_long,ES,unemployment,15.858333333333334,4.306751218796609
country_long,FI,unemployment,8.125,0.9799118698777319
country_long,FR,unemployment,8.591666666666667,1.1812615239136457
country_long,HR,unemployment,9.183333333333334,4.2411047731657945
country_long,HU,unemployment,4.558333333333334,1.2616427482621313
country_long,IE,unemployment,6.466666666666666,2.4208688648099175
country_long,IT,unemployment,9.633333333333333,2.191858212622893
country_long,LT,unemployment,7.483333333333333,1.3663709953631535
country_long,LU,unemployment,5.866666666666667,0.6800178250783154
country_long,LV,unemployment,7.983333333333333,1.4983829667850312
country_long,MT,unemployment,4.158333333333333,0.8447251659922337
country_long,NL,unemployment,5.191666666666667,1.7180635681610925
country_long,PL,unemployment,4.475,2.142269399916402
country_long,PT,unemployment,8.424999999999999,2.9683558350771166
country_long,RO,unemployment,6.241666666666667,1.199589576278133
country_long,SE,unemployment,7.716666666666666,0.8088525355356343
country_long,SI,unemployment,5.658333333333334,2.1415620184313777
country_long,SK,unemployment,7.55,2.5507574632574608
country_long,AT,gini,27.5,0.5291502622129184
country_long,BE,gini,25.141666666666666,0.9346446415941231
country_long,BG,gini,38.50833333333333,1.5934287406455128
country_long,CY,gini,30.84166666666667,1.8956689072885626
country_long,CZ,gini,24.46666666666667,0.4886592665527578
country_long,DE,gini,29.991666666666664,0.748888064622032
country_long,DK,gini,27.724999999999998,0.4371914496377568
country_long,EE,gini,31.858333333333334,1.7143556082432672
country_long,EL,gini,32.50833333333333,1.2594792093511828
country_long,ES,gini,32.891666666666666,1.3800252522942102
country_long,FI,gini,26.016666666666666,0.6012613005301027
country_long,FR,gini,29.383333333333336,0.5184475660931194
country_long,HR,gini,29.433333333333334,0.6932575716182693
country_long,HU,gini,28.099999999999998,0.7675225788801976
country_long,IE,gini,28.325,1.5852301238162694
country_long,IT,gini,32.46666666666667,0.6637816362374459
country_long,LT,gini,36.083333333333336,1.013395133681671
country_long,LU,gini,30.058333333333334,1.1563723317759587
country_long,LV,gini,34.916666666666664,0.6365151334819279
country_long,MT,gini,29.616666666666664,1.7081799635514967
country_long,NL,gini,26.691666666666666,0.6584531920042666
country_long,PL,gini,27.90833333333333,1.8841242640612215
country_long,PT,gini,32.71666666666667,1.1953191535267407
country_long,RO,gini,33.041666666666664,2.995590193277548
country_long,SE,gini,27.566666666666666,0.8282877555901733
country_long,SI,gini,23.858333333333334,0.6359793211808835
country_long,SK,gini,22.599999999999998,1.5695975164469287
country_long,AT,education,81.075,0.6454385401344632
country_long,BE,education,74.91666666666667,2.98110209435533
country_long,BG,education,79.55,1.8456336679752128
country_long,CY,education,78.99166666666666,3.110527091648416
country_long,CZ,education,87.425,0.5956280108194411
country_long,DE,education,79.425,1.164727826185541
country_long,DK,education,73.86666666666666,1.448091743284832
country_long,EE,education,82.47500000000001,0.5738625112500235
country_long,EL,education,73.73333333333333,4.0522346995955285
country_long,ES,education,60.11666666666667,2.6869493798166224
country_long,FI,education,81.73333333333333,1.079842861744524
country_long,FR,education,76.78333333333333,2.226221149405564
country_long,HR,education,82.28333333333333,2.40561212521256
country_long,HU,education,80.19166666666668,1.6042320923297237
country_long,IE,education,80.05,2.879867421190839
country_long,IT,education,60.65833333333333,2.3015640268515103
country_long,LT,education,88.14166666666667,1.134947602581749
country_long,LU,education,73.89166666666667,2.7622317503106495
country_long,LV,education,84.64166666666667,0.7038315053184161
country_long,MT,education,61.625,7.868940670301637
country_long,NL,education,74.65833333333333,2.162262423453445
country_long,PL,education,86.64166666666667,1.2273092026004992
country_long,PT,education,53.48333333333333,6.563235528766325
country_long,RO,education,75.00833333333334,3.3861907623150747
country_long,SE,education,79.59166666666667,1.084987082732769
country_long,SI,education,83.95833333333333,1.4945101558907652
country_long,SK,education,86.19166666666666,0.9129954030884222
country_long,AT,rnd,3.1675,0.07262919523166948
country_long,BE,rnd,2.9966666666666666,0.40064342190425584
country_long,BG,rnd,0.7958333333333334,0.058691540870017773
country_long,CY,rnd,0.6358333333333334,0.10916695581733626
country_long,CZ,rnd,1.8549999999999998,0.08816307204678876
country_long,DE,rnd,3.026666666666667,0.10982079065735245
country_long,DK,rnd,2.970833333333333,0.09258493234306375
country_long,EE,rnd,1.6125,0.26978526814689296
country_long,EL,rnd,1.2858333333333334,0.2460398464895597
country_long,ES,rnd,1.3316666666666668,0.12790858478071773
country_long,FI,rnd,2.966666666666667,0.17593042702021505
country_long,FR,rnd,2.2083333333333335,0.025166114784235798
country_long,HR,rnd,1.1066666666666667,0.24849852142722126
country_long,HU,rnd,1.3941666666666668,0.12752599259711248
country_long,IE,rnd,1.27,0.17898704879505567
country_long,IT,rnd,1.3891666666666669,0.05071459057282914
country_long,LT,rnd,1.0108333333333335,0.08229197832698944
country_long,LU,rnd,1.1308333333333334,0.10308498994283875
country_long,LV,rnd,0.7208333333333333,0.14298495364791702
country_long,MT,rnd,0.5825,0.055779598746886275
country_long,NL,rnd,2.1933333333333334,0.07619751049778858
country_long,PL,rnd,1.2541666666666667,0.21714922951460794
country_long,PT,rnd,1.4991666666666665,0.1993835195766888
country_long,RO,rnd,0.4741666666666667,0.035791906991114716
country_long,SE,rnd,3.4175,0.15226322901177058
country_long,SI,rnd,2.1158333333333332,0.12908477364847804
country_long,SK,rnd,0.9258333333333333,0.10361276977576682
country_long,AT,ict_specialists,4.583333333333333,0.5605732996160494
country_long,BE,ict_specialists,5.075,0.6092096220812366
country_long,BG,ict_specialists,3.5083333333333333,0.7216878364870319
country_long,CY,ict_specialists,3.6666666666666665,1.053421553651229
country_long,CZ,ict_specialists,4.108333333333333,0.4187825066532601
country_long,DE,ict_specialists,4.3999999999999995,0.6768912897813192
country_long,DK,ict_specialists,5.258333333333334,0.47760450228830664
country_long,EE,ict_specialists,5.783333333333334,1.0355791821122333
country_long,EL,ict_specialists,2.1333333333333333,0.3284490643597389
country_long,ES,ict_specialists,3.9,0.5575922263707508
country_long,FI,ict_specialists,7.108333333333333,0.5728054299725696
country_long,FR,ict_specialists,4.1499999999999995,0.564881323014763
country_long,HR,ict_specialists,3.6999999999999997,0.7147790504128466
country_long,HU,ict_specialists,3.8833333333333333,0.3996210326008501
country_long,IE,ict_specialists,5.5,0.7198484689028785
country_long,IT,ict_specialists,3.641666666666666,0.2745519766433815
country_long,LT,ict_specialists,3.516666666666667,1.3009320667983562
country_long,LU,ict_specialists,6.483333333333333,1.3224174374182607
country_long,LV,ict_specialists,3.4916666666666667,0.8846759379295427
country_long,MT,ict_specialists,4.5,0.515222811465627
country_long,NL,ict_specialists,5.983333333333333,0.948523573611626
country_long,PL,ict_specialists,3.4250000000000003,0.7225271306639323
country_long,PT,ict_specialists,3.891666666666667,0.9375580790090561
country_long,RO,ict_specialists,2.3333333333333335,0.3845501110112804
country_long,SE,ict_specialists,7.408333333333334,1.1204368736697257
country_long,SI,ict_specialists,4.05,0.437970526198033
country_long,SK,ict_specialists,3.6833333333333336,0.728427114134325
country_long,AT,renewables,36.15325,3.94233761122879
country_long,BE,renewables,11.381,2.6892469375104042
country_long,BG,renewables,20.604583333333334,2.1568878867619925
country_long,CY,renewables,15.357,4.7080275738746105
country_long,CZ,renewables,16.772000000000002,1.756129214545961
country_long,DE,renewables,18.270500000000002,3.067503056233197
country_long,DK,renewables,37.43775,6.24858880249991
country_long,EE,renewables,33.91283333333333,5.893745511261508
country_long,EL,renewables,20.342916666666667,3.9077879457293827
country_long,ES,renewables,20.044333333333334,3.700101849540051
country_long,FI,renewables,44.265416666666674,5.124973604514433
country_long,FR,renewables,18.480916666666666,3.279343239634016
country_long,HR,renewables,28.356916666666667,1.5026218576107895
country_long,HU,renewables,14.915416666666667,1.9604392577515202
country_long,IE,renewables,12.476833333333333,2.890624117362683
country_long,IT,renewables,18.524,0.9781020582554958
country_long,LT,renewables,28.20341666666667,4.046655104883389
country_long,LU,renewables,9.874833333333333,4.146113839452188
country_long,LV,renewables,41.300916666666666,2.905256973717357
country_long,MT,renewables,10.556333333333333,4.6183021542422695
country_long,NL,renewables,11.676416666666668,5.734278578043281
country_long,PL,renewables,14.732916666666666,2.548052070908404
country_long,PT,renewables,32.7295,2.5698405150373196
country_long,RO,renewables,24.69775,0.6063866340875258
country_long,SE,renewables,58.34016666666667,5.73702318808335
country_long,SI,renewables,23.53225,1.5880147769520863
country_long,SK,renewables,15.191666666666665,2.8602367458698668
country_long,AT,emissions,8.516666666666667,0.7825753908884705
country_long,BE,emissions,9.508333333333335,0.8774532707923781
country_long,BG,emissions,7.991666666666667,0.817377550833188
country_long,CY,emissions,9.583333333333334,0.39273709303097915
country_long,CZ,emissions,10.891666666666666,1.2383701409758734
country_long,DE,emissions,9.516666666666667,1.2690965529092193
country_long,DK,emissions,7.816666666666666,1.1296285256935594
country_long,EE,emissions,11.466666666666667,3.3845459836071834
country_long,EL,emissions,7.966666666666666,0.867947771086102
country_long,ES,emissions,6.358333333333333,0.6801849124697756
country_long,FI,emissions,9.025,1.3876893810150088
country_long,FR,emissions,6.258333333333333,0.6639528095680697
country_long,HR,emissions,6.233333333333333,0.24618298195866556
country_long,HU,emissions,6.266666666666667,0.4355421560503298
country_long,IE,emissions,11.733333333333334,1.1251935860377997
country_long,IT,emissions,6.8,0.4089898865164359
country_long,LT,emissions,6.7,0.3045115313535311
country_long,LU,emissions,15.316666666666668,3.0402850743529517
country_long,LV,emissions,5.433333333333334,0.19227505550564034
country_long,MT,emissions,4.333333333333333,0.7327821620165829
country_long,NL,emissions,9.85,1.4755584459020006
country_long,PL,emissions,10.083333333333334,0.5201980974648596
country_long,PT,emissions,5.766666666666667,0.7036700328644923
country_long,RO,emissions,5.3,0.2132007163556105
country_long,SE,emissions,4.833333333333333,0.47161874689651867
country_long,SI,emissions,7.8999999999999995,0.5892985043869761
country_long,SK,emissions,7.25,0.603775996993467
country_long,AT,debt,80.15833333333333,4.3414405513154355
country_long,BE,debt,104.69166666666666,3.790528467193733
country_long,BG,debt,24.733333333333334,2.867159929373675
country_long,CY,debt,91.70833333333333,20.12720720062696
country_long,CZ,debt,38.516666666666666,4.829800171536053
country_long,DE,debt,65.48333333333333,4.575196634290621
country_long,DK,debt,38.458333333333336,6.282364687011258
country_long,EE,debt,15.333333333333334,5.9438789497849776
country_long,EL,debt,179.0666666666667,17.404510038980405
country_long,ES,debt,104.95,6.591385562714688
country_long,FI,debt,72.48333333333333,7.446516370800917
country_long,FR,debt,105.3,8.006134012004907
country_long,HR,debt,72.75,10.23323462591818
country_long,HU,debt,73.58333333333333,3.661801179581965
country_long,IE,debt,57.975,18.97683396335457
country_long,IT,debt,137.49166666666667,6.324764937541276
country_long,LT,debt,39.416666666666664,3.4180891347847164
country_long,LU,debt,23.224999999999998,2.2450450491531933
country_long,LV,debt,42.61666666666667,3.2501282025996012
country_long,MT,debt,48.583333333333336,5.8463404767167795
country_long,NL,debt,52.791666666666664,7.729689907144146
country_long,PL,debt,51.875,3.987052910244722
country_long,PT,debt,117.26666666666667,15.985410014551814
country_long,RO,debt,43.89166666666667,8.359475661387698
country_long,SE,debt,38.81666666666667,4.585319129041237
country_long,SI,debt,73.66666666666667,6.325034435167971
country_long,SK,debt,54.925000000000004,4.5431516893812
country_long,AT,total_gov_expenditure,52.6,2.782085548648709
country_long,BE,total_gov_expenditure,53.85,1.8293068732073463
country_long,BG,total_gov_expenditure,39.025,2.732339989492855
country_long,CY,total_gov_expenditure,41.78333333333333,4.181959813148363
country_long,CZ,total_gov_expenditure,42.18333333333333,2.295384037320962
country_long,DE,total_gov_expenditure,47.14166666666667,2.647969490806572
country_long,DK,total_gov_expenditure,50.26666666666667,3.1282679882101876
country_long,EE,total_gov_expenditure,40.875,2.5197853443930867
country_long,EL,total_gov_expenditure,51.38333333333333,3.804980786794958
country_long,ES,total_gov_expenditure,44.90833333333333,3.1738873020415506
country_long,FI,total_gov_expenditure,55.324999999999996,2.165063509461096
country_long,FR,total_gov_expenditure,57.824999999999996,1.6108298256714557
country_long,HR,total_gov_expenditure,47.28333333333333,2.496482373745956
country_long,HU,total_gov_expenditure,48.1,1.8195903634909412
country_long,IE,total_gov_expenditure,25.333333333333332,4.215411838681599
country_long,IT,total_gov_expenditure,51.458333333333336,3.051514775360331
country_long,LT,total_gov_expenditure,36.550000000000004,2.6969679945517275
country_long,LU,total_gov_expenditure,43.64166666666667,3.0335872354609332
country_long,LV,total_gov_expenditure,42.4,2.7941497324360953
country_long,MT,total_gov_expenditure,37.108333333333334,2.5977116969760257
country_long,NL,total_gov_expenditure,44.416666666666664,1.7419076968204779
country_long,PL,total_gov_expenditure,44.083333333333336,3.325612269898128
country_long,PT,total_gov_expenditure,45.275,3.163750651018214
country_long,RO,total_gov_expenditure,38.425000000000004,3.617413691877362
country_long,SE,total_gov_expenditure,50.63333333333333,0.9726564686777187
country_long,SI,total_gov_expenditure,47.36666666666667,2.606053558834727
country_long,SK,total_gov_expenditure,43.541666666666664,3.0734813939225147
country_long,AT,defense_spending,0.6166666666666666,0.038924947208076155
country_long,BE,defense_spending,0.9333333333333335,0.18257418583505533
country_long,BG,defense_spending,1.3166666666666667,0.15275252316519458
country_long,CY,defense_spending,1.7166666666666668,0.16422453217986938
country_long,CZ,defense_spending,0.975,0.20504988306618113
country_long,DE,defense_spending,1.1166666666666667,0.16422453217986946
country_long,DK,defense_spending,1.3166666666666667,0.29490625115398456
country_long,EE,defense_spending,2.433333333333333,0.6800178250783154
country_long,EL,defense_spending,2.375,0.23788843832962775
country_long,ES,defense_spending,0.9166666666666666,0.08348471099367219
country_long,FI,defense_spending,1.3166666666666667,0.11146408580454249
country_long,FR,defense_spending,1.8083333333333333,0.09962049198956217
country_long,HR,defense_spending,1.1833333333333333,0.1696699112626595
country_long,HU,defense_spending,1.2,0.48989794855663565
country_long,IE,defense_spending,0.21666666666666667,0.08348471099367215
country_long,IT,defense_spending,1.2750000000000001,0.07537783614444091
country_long,LT,defense_spending,1.8,0.5204892803018049
country_long,LU,defense_spending,0.48333333333333334,0.2167249338901663
country_long,LV,defense_spending,2.0833333333333335,0.614718462288866
country_long,MT,defense_spending,0.5666666666666667,0.1073086739977319
country_long,NL,defense_spending,1.2666666666666668,0.1874873733122186
country_long,PL,defense_spending,1.875,0.5119037551585791
country_long,PT,defense_spending,0.8833333333333333,0.09374368665610919
country_long,RO,defense_spending,1.3083333333333333,0.31754264805429416
country_long,SE,defense_spending,1.4583333333333333,0.32321772378645486
country_long,SI,defense_spending,1.0999999999999999,0.19540168418367881
country_long,SK,defense_spending,1.25,0.22763607319179843
country_long,AT,economic_affairs_spending,7.183333333333334,1.3940349110884322
country_long,BE,economic_affairs_spending,6.758333333333333,0.40554863699647287
country_long,BG,economic_affairs_spending,6.408333333333334,1.5658040823303612
country_long,CY,economic_affairs_spending,4.666666666666667,2.918073253904281
country_long,CZ,economic_affairs_spending,6.258333333333333,0.6570710952723637
country_long,DE,economic_affairs_spending,5.108333333333333,0.7440165361472861
country_long,DK,economic_affairs_spending,3.5,0.6030226891555271
country_long,EE,economic_affairs_spending,4.95,0.5435573065046092
country_long,EL,economic_affairs_spending,6.466666666666666,2.7473403116248245
country_long,ES,economic_affairs_spending,4.858333333333333,0.7867751594421061
country_long,FI,economic_affairs_spending,4.691666666666667,0.3449857265382898
country_long,FR,economic_affairs_spending,6.233333333333333,0.546614927337224
country_long,HR,economic_affairs_spending,7.058333333333334,1.1634262357625453
country_long,HU,economic_affairs_spending,8.575000000000001,1.0805091392487156
country_long,IE,economic_affairs_spending,2.4833333333333334,0.4783177592227564
country_long,IT,economic_affairs_spending,5.125,0.8965844279060597
country_long,LT,economic_affairs_spending,3.658333333333333,0.7833010954036805
country_long,LU,economic_affairs_spending,5.491666666666667,0.350216383328244
country_long,LV,economic_affairs_spending,6.7250000000000005,0.9076693430779937
country_long,MT,economic_affairs_spending,6.566666666666666,1.8097379686439459
country_long,NL,economic_affairs_spending,4.866666666666666,0.8467406314626085
country_long,PL,economic_affairs_spending,5.808333333333334,1.26380258335587
country_long,PT,economic_affairs_spending,4.658333333333333,1.1804916797930454
country_long,RO,economic_affairs_spending,5.8999999999999995,1.070259102019014
country_long,SE,economic_affairs_spending,5.0,0.45726459418033777
country_long,SI,economic_affairs_spending,5.908333333333334,1.0595525070290361
country_long,SK,economic_affairs_spending,5.875,0.8750324669301238
country_long,AT,fuel_energy_spending,0.3416666666666666,0.2353269807709857
country_long,BE,fuel_energy_spending,0.10000000000000002,0.0
country_long,BG,fuel_energy_spending,1.3833333333333335,1.073510243278676
country_long,CY,fuel_energy_spending,0.2833333333333333,0.11146408580454255
country_long,CZ,fuel_energy_spending,0.8833333333333333,0.24432963327637866
country_long,DE,fuel_energy_spending,0.8916666666666666,0.17816403745544232
country_long,DK,fuel_energy_spending,0.3666666666666667,0.0778498944161523
country_long,EE,fuel_energy_spending,0.5750000000000001,0.2562846428910991
country_long,EL,fuel_energy_spending,1.0666666666666667,1.1865406810888481
country_long,ES,fuel_energy_spending,0.48333333333333334,0.24432963327637866
country_long,FI,fuel_energy_spending,0.11666666666666668,0.03892494720807615
country_long,FR,fuel_energy_spending,0.5499999999999999,0.264575131106459
country_long,HR,fuel_energy_spending,0.7166666666666667,0.4608950449117916
country_long,HU,fuel_energy_spending,0.9833333333333334,0.9203095658362445
country_long,IE,fuel_energy_spending,0.1416666666666667,0.0792961461098759
country_long,IT,fuel_energy_spending,0.8250000000000001,0.16583123951777007
country_long,LT,fuel_energy_spending,0.425,0.32508740083524945
country_long,LU,fuel_energy_spending,0.17500000000000002,0.13568010505999362
country_long,LV,fuel_energy_spending,1.0999999999999999,0.5027198750072178
country_long,MT,fuel_energy_spending,1.05,0.7154146922017898
country_long,NL,fuel_energy_spending,0.85,0.39427724440366246
country_long,PL,fuel_energy_spending,0.6,0.5099019513592785
country_long,PT,fuel_energy_spending,0.11666666666666668,0.0937436866561092
country_long,RO,fuel_energy_spending,0.7916666666666666,0.621520618151867
country_long,SE,fuel_energy_spending,0.13333333333333333,0.08876253645985946
country_long,SI,fuel_energy_spending,0.5583333333333333,0.1729862492345632
country_long,SK,fuel_energy_spending,1.075,0.5674904885065956
country_long,AT,communication_spending,0.08333333333333333,0.038924947208076155
country_long,BE,communication_spending,0.08333333333333333,0.03892494720807615
country_long,BG,communication_spending,0.06666666666666667,0.0492365963917331
country_long,CY,communication_spending,0.10000000000000002,0.0
country_long,CZ,communication_spending,0.008333333333333333,0.02886751345948129
country_long,DE,communication_spending,0.0,0.0
country_long,DK,communication_spending,0.008333333333333333,0.02886751345948129
country_long,EE,communication_spending,0.025000000000000005,0.045226701686664546
country_long,EL,communication_spending,0.025000000000000005,0.06215815605080611
country_long,ES,communication_spending,0.1416666666666667,0.06685579234215214
country_long,FI,communication_spending,0.0,0.0
country_long,FR,communication_spending,0.03333333333333333,0.04923659639173309
country_long,HR,communication_spending,0.025000000000000005,0.045226701686664546
country_long,HU,communication_spending,0.016666666666666666,0.03892494720807615
country_long,IE,communication_spending,0.0,0.0
country_long,IT,communication_spending,0.10000000000000002,0.0
country_long,LT,communication_spending,0.06666666666666667,0.0778498944161523
country_long,LU,communication_spending,0.075,0.04522670168666455
country_long,LV,communication_spending,0.008333333333333333,0.02886751345948129
country_long,MT,communication_spending,0.008333333333333333,0.028867513459481294
country_long,NL,communication_spending,0.0,0.0
country_long,PL,communication_spending,0.0,0.0
country_long,PT,communication_spending,0.025000000000000005,0.045226701686664546
country_long,RO,communication_spending,0.08333333333333333,0.03892494720807615
country_long,SE,communication_spending,0.0,0.0
country_long,SI,communication_spending,0.0,0.0
country_long,SK,communication_spending,0.0,0.0
country_long,AT,environment_spending,0.47500000000000003,0.1215431087010994
country_long,BE,environment_spending,1.2833333333333334,0.08348471099367222
country_long,BG,environment_spending,0.6916666666666665,0.06685579234215216
country_long,CY,environment_spending,0.6333333333333333,0.09847319278346615
country_long,CZ,environment_spending,0.9333333333333335,0.11547005383792507
country_long,DE,environment_spending,0.5499999999999999,0.05222329678670933
country_long,DK,environment_spending,0.4000000000000001,0.0
country_long,EE,environment_spending,0.6666666666666666,0.06513389472789294
country_long,EL,environment_spending,1.175,0.29271456776494437
country_long,ES,environment_spending,0.9166666666666666,0.08348471099367215
country_long,FI,environment_spending,0.21666666666666667,0.038924947208076134
country_long,FR,environment_spending,0.9583333333333334,0.05149286505444372
country_long,HR,environment_spending,0.9249999999999999,0.1356801050599936
country_long,HU,environment_spending,0.7000000000000001,0.2628514962691084
country_long,IE,environment_spending,0.3833333333333333,0.08348471099367219
country_long,IT,environment_spending,0.9166666666666666,0.03892494720807614
country_long,LT,environment_spending,0.525,0.04522670168666455
country_long,LU,environment_spending,0.9333333333333335,0.1497472618255253
country_long,LV,environment_spending,0.5833333333333334,0.07177405625652736
country_long,MT,environment_spending,1.2,0.2088931871468373
country_long,NL,environment_spending,1.425,0.10552897060221733
country_long,PL,environment_spending,0.575,0.10552897060221728
country_long,PT,environment_spending,0.6583333333333333,0.06685579234215218
country_long,RO,environment_spending,0.7333333333333334,0.14354811251305472
country_long,SE,environment_spending,0.525,0.06215815605080611
country_long,SI,environment_spending,0.7166666666666667,0.1898963034411309
country_long,SK,environment_spending,0.7916666666666666,0.10836246694508318
country_long,AT,health_spending,8.875,0.6524429616309905
country_long,BE,health_spending,7.891666666666667,0.33427896171076077
country_long,BG,health_spending,5.3,0.3618136134933164
country_long,CY,health_spending,4.391666666666667,1.7768502946779086
country_long,CZ,health_spending,8.233333333333333,0.8731690800894418
country_long,DE,health_spending,7.5,0.5688904671695275
country_long,DK,health_spending,8.725,0.38405728739343026
country_long,EE,health_spending,5.808333333333334,0.5333570070503398
country_long,EL,health_spending,5.708333333333333,0.5599648257351576
country_long,ES,health_spending,6.45,0.5317210478505365
country_long,FI,health_spending,7.533333333333334,0.3055050463303895
country_long,FR,health_spending,8.625,0.43719144963775775
country_long,HR,health_spending,7.625,0.9478444444681257
country_long,HU,health_spending,4.983333333333333,0.557320429022713
country_long,IE,health_spending,5.241666666666666,0.5160308893737648
country_long,IT,health_spending,6.8999999999999995,0.371728150913834
country_long,LT,health_spending,5.166666666666667,0.531436019125767
country_long,LU,health_spending,5.291666666666667,0.3315482505220655
country_long,LV,health_spending,4.733333333333333,0.9158536339327801
country_long,MT,health_spending,5.3500000000000005,0.5248376372313112
country_long,NL,health_spending,7.458333333333333,0.41660605619770597
country_long,PL,health_spending,5.183333333333334,0.5843929769557054
country_long,PT,health_spending,6.691666666666666,0.4756972553924175
country_long,RO,health_spending,4.791666666666667,0.5282188481256154
country_long,SE,health_spending,7.258333333333333,0.17298624923456365
country_long,SI,health_spending,7.266666666666667,0.6879922480183436
country_long,SK,health_spending,6.158333333333334,0.5946096249310182
country_long,AT,education_spending,4.966666666666667,0.1874873733122183
country_long,BE,education_spending,6.266666666666667,0.09847319278346615
country_long,BG,education_spending,3.9166666666666665,0.32145502536643183
country_long,CY,education_spending,5.208333333333333,0.3088345639315455
country_long,CZ,education_spending,4.358333333333333,0.32321772378645497
country_long,DE,education_spending,4.333333333333333,0.17232808737106578
country_long,DK,education_spending,6.183333333333334,0.5936533015357053
country_long,EE,education_spending,5.933333333333334,0.33393884397468887
country_long,EL,education_spending,4.066666666666666,0.17232808737106603
country_long,ES,education_spending,4.158333333333333,0.21087839379532697
country_long,FI,education_spending,6.083333333333333,0.23677121037112198
country_long,FR,education_spending,5.133333333333334,0.10730867399773186
country_long,HR,education_spending,5.1000000000000005,0.2730301348669311
country_long,HU,education_spending,4.841666666666667,0.27122058561364043
country_long,IE,education_spending,3.0,0.4532709404479241
country_long,IT,education_spending,4.033333333333333,0.11547005383792514
country_long,LT,education_spending,4.95,0.3450955072018603
country_long,LU,education_spending,4.7250000000000005,0.2667140109487384
country_long,LV,education_spending,5.9750000000000005,0.14847711791873683
country_long,MT,education_spending,4.566666666666666,0.26400183654090337
country_long,NL,education_spending,5.075,0.12154310870109915
country_long,PL,education_spending,5.083333333333333,0.2979729497586629
country_long,PT,education_spending,4.616666666666666,0.3242707435947854
country_long,RO,education_spending,3.3833333333333333,0.36390141855211605
country_long,SE,education_spending,7.391666666666667,0.21087839379532664
country_long,SI,education_spending,5.583333333333333,0.18006732747570386
country_long,SK,education_spending,4.483333333333333,0.4468746688915921
country_long,AT,social_protection_spending,21.5,0.9194860224356564
country_long,BE,social_protection_spending,20.066666666666666,0.8927315929044385
country_long,BG,social_protection_spending,13.008333333333333,0.9009674934438112
country_long,CY,social_protection_spending,14.091666666666667,1.3159568474089205
country_long,CZ,social_protection_spending,12.975,0.557795987468863
country_long,DE,social_protection_spending,19.60833333333333,0.8989471956717273
country_long,DK,social_protection_spending,21.224999999999998,1.594379332074227
country_long,EE,social_protection_spending,12.924999999999999,0.8781437032948327
country_long,EL,social_protection_spending,19.7,1.3341664064126342
country_long,ES,social_protection_spending,18.216666666666665,1.5526126563332079
country_long,FI,social_protection_spending,25.28333333333333,0.8397330022998474
country_long,FR,social_protection_spending,24.325,0.9964710459689963
country_long,HR,social_protection_spending,14.075000000000001,0.8389658135845792
country_long,HU,social_protection_spending,13.316666666666668,0.9712534856222315
country_long,IE,social_protection_spending,9.008333333333333,1.6200215112675809
country_long,IT,social_protection_spending,21.483333333333334,1.224621153539726
country_long,LT,social_protection_spending,13.549999999999999,1.146932668230592
country_long,LU,social_protection_spending,18.691666666666666,1.2688279010268657
country_long,LV,social_protection_spending,12.966666666666667,0.9670323237366555
country_long,MT,social_protection_spending,10.516666666666667,0.899326347210999
country_long,NL,social_protection_spending,16.625,0.5344921123663263
country_long,PL,social_protection_spending,16.849999999999998,0.8939188492759901
country_long,PT,social_protection_spending,17.683333333333334,0.8799104637645967
country_long,RO,social_protection_spending,12.516666666666666,0.9833461735165782
country_long,SE,social_protection_spending,20.016666666666666,0.9133687230480517
country_long,SI,social_protection_spending,17.608333333333334,0.8039203186808246
country_long,SK,social_protection_spending,15.741666666666667,1.5394558267206762
